student_email,course,grade
student1@cstugpt.com, GenAI, A+
student1@cstugpt.com, Data Visualization, A
student1@cstugpt.com, SQL Data Engineering, B+
student2@cstugpt.com, AI Application, A+
student2@cstugpt.com, DevOps, A
student3@cstugpt.com, Python for AI, A+
dnlamvhit@gmail.com, DevOps, A+
dnlamvhit@gmail.com, AI Application, A
dnlamvhit@gmail.com, Data Visualization, A+
fwangboulder@gmail.com, SQL Data Engineering, A+
fwangboulder@gmail.com, AI Application, A
fwangboulder@gmail.com, DevOps, A+
student3@cstugpt.com, Python for AI, A+
student3@cstugpt.com, Big Data, A
student4@cstugpt.com, GenAI, B
